{"stats":{"minecraft:used":{"minecraft:ladder":1,"alexsmobs:animal_dictionary":1},"minecraft:custom":{"minecraft:jump":10,"minecraft:time_since_rest":3265,"minecraft:crouch_one_cm":197,"minecraft:walk_one_cm":10845,"minecraft:leave_game":2,"minecraft:play_time":4640,"minecraft:damage_taken":270,"minecraft:time_since_death":2184,"minecraft:deaths":1,"minecraft:sneak_time":54,"minecraft:climb_one_cm":576,"minecraft:total_world_time":4640,"minecraft:fly_one_cm":1756},"minecraft:mined":{"minecraft:ladder":1},"minecraft:picked_up":{"hunting_delight:broken_bone":1,"minecraft:ladder":1,"hunting_delight:humanmeat":2},"minecraft:killed_by":{"naturalist:bear":1}},"DataVersion":3120}